1;Afghanistan;Kabul;34.5166667;69.1833344;1808.0
2;Afghanistan;Kandahar;31.6100000;65.6999969;1015.0
3;Afghanistan;Mazar-e Sharif;36.7069444;67.1122208;369.0
4;Afghanistan;Herat;34.3400000;62.1899986;927.0
5;Afghanistan;Jalalabad;34.4200000;70.4499969;573.0
6;Afghanistan;Konduz;36.7200000;68.8600006;394.0
7;Afghanistan;Ghazni;33.5535554;68.4268875;2175.0
8;Afghanistan;Balkh;36.7586111;66.8961105;328.0
9;Afghanistan;Baghlan;36.1200000;68.6999969;565.0
10;Afghanistan;Gardez;33.5900000;69.2200012;2279.0
11;Afghanistan;Khost;33.3380556;69.9202805;1178.0
12;Afghanistan;Khanabad;36.6800000;69.1100006;490.0
13;Afghanistan;Tashqorghan;36.6952778;67.6980591;460.0
14;Afghanistan;Taloqan;36.7360511;69.5345078;788.0
15;Afghanistan;Cool urhajo;34.2654452;67.3451614;2733.0
16;Afghanistan;Pol-e Khomri;35.9425000;68.7191696;832.0
17;Afghanistan;Sheberghan;36.6672222;65.7536087;362.0
18;Afghanistan;Charikar;35.0136110;69.1713867;1534.0
19;Afghanistan;Sar-e Pol;36.2155556;65.9363861;629.0
20;Afghanistan;Paghman;34.5875000;68.9533310;2276.0
21;Afghanistan;Samangan;36.2652778;68.0166702;960.0
22;Afghanistan;Nawab City;31.5800000;64.3600006;775.0
23;Afghanistan;Gereshk;31.8188889;64.5647202;844.0
24;Afghanistan;Farakh;32.3700000;62.1100006;653.0
25;Afghanistan;Feyzabad;37.1175000;70.5797195;1235.0
26;Afghanistan;Sindand;33.3000000;62.1399994;1071.0
27;Afghanistan;Andkhvoy;36.9525000;65.1236115;319.0
28;Afghanistan;Rostaq;37.1275000;69.8305588;1323.0
29;Afghanistan;Qaravol;37.2211111;68.7799988;327.0
30;Afghanistan;Nahrin;36.0652778;69.1338882;1156.0
31;Afghanistan;Baraki Barak;33.9675000;68.9486084;1937.0
32;Afghanistan;At Khvajeh;37.0841667;69.4805527;474.0
33;Afghanistan;Eslam Qal`eh;34.6666667;61.0666656;721.0
34;Afghanistan;Karokh;34.4791667;62.5869446;1309.0
35;Afghanistan;Mehtar Lam;34.6713889;70.2094421;768.0
36;Afghanistan;Kushk;33.2961111;61.9527779;1126.0
37;Afghanistan;Shahrag;34.1083333;64.3033371;2393.0
38;Afghanistan;Asmar;35.0300000;71.3499985;934.0
39;Afghanistan;Sang-e Charak;35.8497222;66.4369431;1547.0
40;Afghanistan;Khash;31.5291667;62.7924995;578.0
41;Afghanistan;Achin;34.1200000;70.6999969;997.0
42;Afghanistan;Jabal os Saraj;35.1183330;69.2377777;1575.0
43;Afghanistan;Qarqin;37.4127778;66.0472260;250.0
44;Afghanistan;Mirabad;30.4352778;61.8347206;499.0
45;Afghanistan;Zarghun Shahr;32.8472222;68.4458313;2114.0
46;Afghanistan;Sangin;32.0733333;64.8338852;892.0
47;Afghanistan;Panjab;34.3875000;67.0233307;2707.0
48;Afghanistan;Uruzgan;32.9200000;66.6299973;2010.0
49;Afghanistan;Pul-i-Alam;33.9800000;69.0299988;1916.0
50;Afghanistan;Chiras;35.4166667;65.9833298;2828.0
51;Afghanistan;Hokumati Azraw;34.1700000;69.6399994;2278.0
52;Afghanistan;Qareh Bagh;34.9405556;61.7775002;950.0
53;Afghanistan;Kalat-i-Ghilzai;32.1000000;66.9100037;1535.0
54;Afghanistan;Ashkasham;36.6833333;71.5333328;3037.0
55;Afghanistan;Jorm;36.8666667;70.8344421;1508.0
56;Afghanistan;Kuhestan;34.6538889;61.1977768;734.0
57;Afghanistan;Tokzar;35.9488889;66.4199982;1253.0
58;Afghanistan;Char Burj;34.2400000;62.1899986;967.0
59;Afghanistan;Lar Gerd;35.4897222;66.6636124;1867.0
60;Afghanistan;Rudbar;30.1500000;62.5999985;573.0
61;Afghanistan;Farkhar;36.5722222;69.8580551;1135.0
62;Afghanistan;Zendeh Jan;34.3455556;61.7316666;844.0
63;Afghanistan;Anar Darreh;32.7622222;61.6525002;801.0
64;Afghanistan;Emam Saheb;37.1822222;68.9124985;340.0
65;Afghanistan;Darzab;35.9783333;65.3791656;1224.0
66;Afghanistan;`Alaqehdari Deh-e Shu;30.4347222;63.3072205;584.0
67;Afghanistan;Tagow Bay;35.7016667;66.0613861;1845.0
68;Afghanistan;Darvishan;31.1333333;64.1924973;719.0
69;Afghanistan;Qarchi Gak;37.0355556;66.7888870;298.0
70;Afghanistan;Dasht-e Archi;37.1333333;69.1666641;372.0
71;Afghanistan;Qal`eh Shahr;35.5483333;65.5677795;2159.0
72;Afghanistan;Zareh Sharan;33.1466667;68.7916641;2141.0
73;Afghanistan;Tir Pol;34.5952778;61.2669449;768.0
74;Afghanistan;Mohmand Darrah;34.2400000;70.8700027;481.0
75;Afghanistan;Yengi Qal`eh;37.4672222;69.6091690;481.0
76;Afghanistan;Tagao;34.8500000;69.6399994;1453.0
77;Afghanistan;Khandud;36.9488889;72.3169479;2918.0
78;Afghanistan;Mir Bachcheh Kowt;34.7488889;69.1191635;1691.0
79;Afghanistan;Dorufchah;36.4397222;70.0838852;4290.0
80;Afghanistan;Dahaneh-ye Ghowri;35.9075000;68.4938889;758.0
81;Afghanistan;Lab-Sar;36.0261111;66.8386078;1043.0
82;Afghanistan;Darwazkay;35.0200000;71.0400009;2508.0
83;Afghanistan;Munay;34.9800000;71.2500000;995.0
84;Afghanistan;Mulkanah;34.9400000;71.0599976;1181.0
85;Albania;Tirana;41.3275000;19.8188896;103.0
86;Albania;Durres;41.3230556;19.4413891;-9999.0
87;Albania;Elbasan;41.1125000;20.0822220;126.0
88;Albania;Vlore;40.4666667;19.4897213;58.0
89;Albania;Shkoder;42.0682829;19.5125771;17.0
90;Albania;Fier-Cifci;40.7166667;19.5666676;7.0
91;Albania;Korce;40.6186111;20.7808342;876.0
92;Albania;Berat;40.7058333;19.9522228;69.0
93;Albania;Lushnje;40.9419444;19.7049999;81.0
94;Albania;Kavaje;41.1855556;19.5569439;10.0
95;Albania;Lac;41.6355556;19.7130547;89.0
96;Albania;Gjirokaster;40.0758333;20.1388893;213.0
97;Albania;Patos Fshat;40.6427778;19.6508331;118.0
98;Albania;Kruje;41.5091667;19.7927780;870.0
99;Albania;Lezhe;41.7836111;19.6436119;82.0
100;Albania;Kucove;40.8002778;19.9166660;95.0
101;Albania;Kukes;42.0769444;20.4219437;339.0
102;Albania;Burrel;41.6102778;20.0088882;196.0
103;Albania;Sarande;39.8755556;20.0052776;170.0
104;Albania;Peshkopi;41.6850000;20.4288883;718.0
105;Albania;Cerrik;41.0316667;19.9758339;70.0
106;Albania;Shijak;41.3455556;19.5672226;57.0
107;Albania;Corovode;40.5041667;20.2272224;539.0
108;Albania;Librazhd-Qender;41.1969444;20.3355560;436.0
109;Albania;Tepelene;40.2958333;20.0191669;112.0
110;Albania;Gramsh;40.8697222;20.1844444;342.0
111;Albania;Bulqize;41.4916667;20.2219448;729.0
112;Albania;Kamez;41.3816667;19.7602787;73.0
113;Albania;Permet;40.2336111;20.3516674;281.0
114;Albania;Polican;40.6122222;20.0980549;407.0
115;Albania;Fushe-Kruje;41.4783333;19.7177773;41.0
116;Albania;Ballsh;40.5988889;19.7347221;232.0
117;Albania;Rreshen;41.7675000;19.8755550;129.0
118;Albania;Mamurras;41.5775000;19.6922226;79.0
119;Albania;Bajram Curri;42.3572222;20.0730553;313.0
120;Albania;Erseke;40.3377778;20.6788883;1024.0
121;Albania;Peqin;41.0461111;19.7511120;37.0
122;Albania;Bilisht;40.6275000;20.9899998;946.0
123;Albania;Selenice;40.5305556;19.6358337;113.0
124;Albania;Roskovec;40.7375000;19.7022228;24.0
125;Albania;Puke;42.0444444;19.8997231;795.0
126;Albania;Rrogozhine;41.0763889;19.6652775;48.0
127;Albania;Vore;41.3908333;19.6550007;74.0
128;Albania;Memaliaj;40.3516667;19.9802780;141.0
129;Albania;Ura Vajgurore;40.7688889;19.8777771;30.0
130;Albania;Himare;40.1016667;19.7447224;60.0
131;Albania;Koplik;42.2136111;19.4363880;71.0
132;Albania;Perrenjas-Fshat;41.0666667;20.5352783;562.0
133;Albania;Delvine;39.9511111;20.0977783;255.0
134;Albania;Maliq;40.7058333;20.6997223;824.0
135;Albania;Libohove;40.0311111;20.2630558;536.0
136;Albania;Shengjin;41.8136111;19.5938892;-9999.0
137;Albania;Leskovik;40.1513889;20.5972214;908.0
138;Albania;Orikum;40.3252778;19.4713898;8.0
139;Albania;Kelcyre;40.3130556;20.1894436;171.0
140;Albania;Fushe-Arrez;42.0622222;20.0166664;590.0
141;Albania;Rubik;41.7744444;19.7861118;262.0
142;Albania;Milot;41.6838889;19.7155552;49.0
143;Albania;Kurbnesh;41.7797222;20.0836105;833.0
144;Albania;Konispol;39.6588889;20.1813889;478.0
145;Albania;Krrabe;41.2155556;19.9713898;542.0
146;Albania;Fierze;42.2647222;20.0269451;474.0
147;Albania;Klos;41.5069444;20.0866661;275.0
148;Albania;Kutreq;41.3966667;19.9616661;524.0
149;Albania;Collak;41.3152778;19.8661118;217.0
150;Albania;Ballaj;41.3222222;19.8802776;276.0
151;Albania;Kubes;41.4166667;19.8511105;573.0
152;Albania;Kurte;41.4930556;19.9972229;1328.0
153;Albania;Melcize;41.3952778;19.8222218;130.0
154;Albania;Livadhet;41.4080556;19.9047222;395.0
155;Albania;Gurra e Vogel;41.2863889;19.8883324;240.0
156;Albania;Celiku;41.2761111;19.8522224;157.0
157;Albania;Kamere;41.4719444;19.9708328;1286.0
158;Albania;Mal Pjec;41.4786111;19.9547215;1155.0
159;Albania;Dallashi;41.2830556;19.8763885;241.0
160;Albania;Shejleret;41.3072222;19.8858337;253.0
161;Albania;Kokli;41.3091667;19.9286118;665.0
162;Albania;Shugyrk;41.4400000;19.9302769;429.0
163;Albania;Metaj;41.4933333;19.9052773;695.0
164;Albania;Marice;41.4216667;19.9591675;585.0
165;Albania;Panec;41.2847222;20.0063896;516.0
166;Albania;Balajt e Poshtem;41.4205556;20.1397228;1080.0
167;Albania;Blishte;41.4430556;20.1466675;613.0
168;Albania;Shengjun;41.4891667;20.1375008;577.0
169;Albania;Rucaj;41.4661111;20.1555557;815.0
170;Albania;Kotaj;41.4333333;20.2008324;1102.0
171;Albania;Peshk;41.4055556;20.1980553;829.0
172;Albania;Bize;41.3408333;20.1980553;1314.0
173;Albania;Berberaj;41.3144444;20.2027779;1087.0
174;Albania;Panjet;41.3208333;20.1561108;1323.0
175;Albania;Ruc;41.3219444;20.1105556;912.0
176;Albania;Marice;41.4380556;20.0222225;1096.0
177;Albania;Xhyre;41.2869444;20.0283337;862.0
178;Albania;Vakumona i Siperme;41.2816667;20.0697231;1060.0
179;Albania;Varros;41.3025000;20.0933342;973.0
180;Albania;Tejlumaj;41.4783333;20.0258331;686.0
181;Albania;Bic;41.2825000;20.1458340;1011.0
182;Albania;Gjorkaj;41.2780556;20.1705551;784.0
183;Albania;Rinas;41.2861111;20.1661110;760.0
184;Albania;Ballgjin;41.3086111;20.1933327;967.0
185;Algeria;Algiers;36.7630556;3.0505557;1.0
186;Algeria;Oran;35.6911111;-0.6416667;101.0
187;Algeria;Constantine;36.3650000;6.6147223;501.0
188;Algeria;Batna;35.5559710;6.1741447;1035.0
189;Algeria;Bab Ezzouar;36.7166667;3.1833334;32.0
190;Algeria;Annaba;36.9000000;7.7666669;1.0
191;Algeria;Sidi Bel Abbes;35.1938889;-0.6413889;476.0
192;Algeria;Ech Chettia;36.1956637;1.2584496;168.0
193;Algeria;Bejaia;36.7500000;5.0833335;1.0
194;Algeria;Skikda;36.8791667;6.9066668;94.0
195;Algeria;El Achir;36.0666667;4.6305556;1003.0
196;Algeria;Medea;36.2675000;2.7500000;1005.0
197;Algeria;Bechar;31.6166667;-2.2166667;785.0
198;Algeria;Tlemcen;34.8783333;-1.3150001;843.0
199;Algeria;Mostaganem;35.9333333;0.0902778;85.0
200;Algeria;El Eulma;36.1500000;5.6833334;941.0
201;Algeria;Saida;34.8333333;0.1500000;869.0
202;Algeria;Guelma;36.4661111;7.4338889;257.0
203;Algeria;Bordj el Kiffan;36.7475000;3.1930556;33.0
204;Algeria;Ain Oussera;35.4513889;2.9058332;694.0
205;Algeria;Laghouat;33.8000000;2.8833332;776.0
206;Algeria;Ain Beida;35.7963889;7.3927779;1021.0
207;Algeria;Baraki;36.6691667;3.0952778;30.0
208;Algeria;Oum el Bouaghi;35.8775000;7.1136112;955.0
209;Algeria;Messaad;34.1666667;3.5000000;768.0
210;Algeria;Barika;35.3897222;5.3766665;451.0
211;Algeria;Beni Mered;36.5230556;2.8625000;149.0
212;Algeria;Aflou;34.1088889;2.1019444;1372.0
213;Algeria;El Khroub;36.2633333;6.6936111;597.0
214;Algeria;Rouissat;31.9272222;5.3497224;151.0
215;Algeria;Berrouaghia;36.1366667;2.9130557;913.0
216;Algeria;Ksar el Boukhari;35.8855556;2.7508333;728.0
217;Algeria;Khemis Miliana;36.2622222;2.2180555;365.0
218;Algeria;Azzaba;36.7394444;7.1052780;105.0
219;Algeria;Tamanrasset;22.7850000;5.5227780;1319.0
220;Algeria;Ain Touta;35.3766667;5.8961110;894.0
221;Algeria;Cheria;35.2730556;7.7519445;1093.0
222;Algeria;Birkhadem;36.7127778;3.0616667;134.0
223;Algeria;Chelghoum el Aid;36.1594444;6.1650000;773.0
224;Algeria;Sidi Aissa;35.8913889;3.7711110;672.0
225;Algeria;Larba;36.5666667;3.1500001;109.0
226;Algeria;Mila;36.4502778;6.2644444;488.0
227;Algeria;Bir el Ater;34.7333333;8.0500002;844.0
228;Algeria;Sougueur;35.1913889;1.4983333;1101.0
229;Algeria;Ain Fakroun;35.9763889;6.8755555;933.0
230;Algeria;Tolga;34.7166667;5.3833332;249.0
231;Algeria;Es Senia;35.6511111;-0.6341667;91.0
232;Algeria;Bir el Djir;35.7200000;-0.5450000;178.0
233;Algeria;Akbou;36.4611111;4.5333333;278.0
234;Algeria;Besbes;36.7022222;7.8472223;10.0
235;Algeria;Sidi Khaled;34.3833333;5.0000000;251.0
236;Algeria;Ain Sefra;32.7500000;-0.5833333;1082.0
237;Algeria;Frenda;35.0619444;1.0422221;1083.0
238;Algeria;Bougara;36.5405556;3.0852778;142.0
239;Algeria;Hamma Bouziane;36.4130556;6.5974998;410.0
240;Algeria;Reguiba;33.5666667;6.7166667;32.0
241;Algeria;Meftah;36.6194444;3.2252779;120.0
242;Algeria;Oued Rhiou;35.9633333;0.9136111;99.0
243;Algeria;Boufarik;36.5705556;2.9108334;65.0
244;Algeria;Sig;35.5277778;-0.1952778;32.0
245;Algeria;Ksar Chellala;35.2122222;2.3188889;839.0
246;Algeria;Sidi Moussa;36.6044444;3.0902779;57.0
247;Algeria;Ras el Oued;35.9461111;5.0327778;1070.0
248;Algeria;Lakhdaria;36.5622222;3.5944445;203.0
249;Algeria;Drean;36.6838889;7.7463889;35.0
250;Algeria;Reghaia;36.7422222;3.3413889;16.0
251;Algeria;Boghni;36.5422222;3.9530556;344.0
252;Algeria;Dar Chioukh;34.9000000;3.4833333;1114.0
253;Algeria;Sedrata;36.1288889;7.5280557;821.0
254;Algeria;Djamaa;33.5333333;6.0000000;121.0
255;Algeria;Mansoura;34.8650000;-1.3466667;835.0
256;Algeria;Telerghma;36.1152778;6.3641667;753.0
257;Algeria;Remchi;35.0611111;-1.4261111;217.0
258;Algeria;Birine;35.6350000;3.2249999;766.0
259;Algeria;Sour el Ghozlane;36.1502778;3.6891668;899.0
260;Algeria;Metlili Chaamba;32.2666667;3.6333332;489.0
261;Algeria;Khemis el Khechna;36.6486111;3.3305557;60.0
262;Algeria;Timimoun;29.2500000;0.2500000;323.0
263;Algeria;I-n-Salah;27.2166667;2.4666667;282.0
264;Algeria;Touggourt;33.1000000;6.0666666;167.0
265;Algeria;Merouana;35.6286111;5.9116669;996.0
266;Algeria;Kerkera;36.9291667;6.5855556;12.0
267;Algeria;El Hadjar;36.8047222;7.7383332;3.0
268;Algeria;Beni Saf;35.3036111;-1.3808333;1.0
269;Algeria;Boudouaou;36.7305556;3.4102778;1.0
270;Algeria;Berriane;32.8333333;3.7666667;515.0
271;Algeria;Oued Fodda;36.1841667;1.5327778;186.0
272;Algeria;Bou Arfa;36.4666667;2.8166666;239.0
273;Algeria;El Attaf;36.2247222;1.6727778;141.0
274;Algeria;El Affroun;36.4669444;2.6252778;89.0
275;Algeria;`Ain el Hadjel;35.6758333;3.8822222;533.0
276;Algeria;Hennaya;34.9513889;-1.3680556;440.0
277;Algeria;Tazoult-Lambese;35.4863889;6.2552776;1184.0
278;Algeria;Draa el Mizan;36.5350000;3.8336110;444.0
279;Algeria;Timizart;36.8000000;4.2666669;372.0
280;Algeria;Sebdou;34.6425000;-1.3330556;886.0
281;Algeria;Tebesbest;33.1166667;6.0833335;170.0
282;Algeria;Souma;36.5183333;2.9052777;135.0
283;United States;New York City;40.7142691;-74.0059738;2.0
284;United States;Los Angeles;34.0522342;-118.2436829;115.0
285;United States;Chicago;41.8500330;-87.6500549;181.0
286;United States;Houston;29.7632836;-95.3632736;15.0
287;United States;Philadelphia;39.9523350;-75.1637878;8.0
288;United States;Phoenix;33.4483771;-112.0740356;0.0
289;United States;San Antonio;29.4241219;-98.4936295;196.0
290;United States;San Diego;32.7153292;-117.1572571;26.0
291;United States;Dallas;32.7830556;-96.8066635;137.0
292;United States;Detroit;42.3314270;-83.0457535;181.0
293;United States;San Jose;37.3393857;-121.8949585;24.0
294;United States;Jacksonville;30.3321838;-81.6556473;7.0
295;United States;Indianapolis;39.7683765;-86.1580429;222.0
296;United States;Columbus;39.9611755;-82.9987946;237.0
297;United States;San Francisco;37.7749295;-122.4194183;60.0
298;United States;Austin;30.2671530;-97.7430573;163.0
299;United States;Memphis;35.1495343;-90.0489807;75.0
300;United States;New South Memphis;35.0867579;-90.0567551;74.0
301;United States;Fort Worth;32.7254090;-97.3208466;199.0
302;United States;Baltimore;39.2903848;-76.6121902;2.0
303;United States;Charlotte;35.2270869;-80.8431244;229.0
304;United States;Boston;42.3584308;-71.0597763;11.0
305;United States;Milwaukee;43.0389025;-87.9064713;195.0
306;United States;South Boston;42.3334312;-71.0494919;10.0
307;United States;Seattle;47.6062095;-122.3320694;60.0
308;United States;El Paso;31.7587198;-106.4869308;1147.0
309;United States;Denver;39.7391536;-104.9847031;1598.0
310;United States;Washington;38.8951118;-77.0363693;11.0
311;United States;Portland;45.5234515;-122.6762085;61.0
312;United States;Oklahoma City;35.4675602;-97.5164261;364.0
313;United States;Nashville;36.1658899;-86.7844467;151.0
314;United States;Tucson;32.2217429;-110.9264755;751.0
315;United States;Albuquerque;35.0844909;-106.6511383;1510.0
316;United States;New Orleans;29.9546482;-90.0750732;0.0
317;United States;Long Beach;33.7669623;-118.1892319;1.0
318;United States;Las Vegas;36.1749705;-115.1372223;609.0
319;United States;Sacramento;38.5815719;-121.4944000;5.0
320;United States;Fresno;36.7477272;-119.7723694;91.0
321;United States;Cleveland;41.4994954;-81.6954117;185.0
322;United States;North Kansas City;39.1300040;-94.5621796;223.0
323;United States;Kansas City;39.0997266;-94.5785675;271.0
324;United States;Virginia Beach;36.8529263;-75.9779816;3.0
325;United States;Atlanta;33.7489954;-84.3879852;305.0
326;United States;Oakland;37.8043722;-122.2708054;0.0
327;United States;Mesa;33.4222685;-111.8226395;386.0
328;United States;Tulsa;36.1539816;-95.9927750;213.0
329;United States;Omaha;41.2586096;-95.9377899;0.0
330;United States;Miami;25.7742658;-80.1936569;2.0
331;United States;Honolulu;21.3069444;-157.8583374;0.0
332;United States;Minneapolis;44.9799654;-93.2638397;259.0
333;United States;Colorado Springs;38.8338816;-104.8213654;1829.0
334;United States;Wichita;37.6922361;-97.3375473;402.0
335;United States;Santa Ana;33.7455731;-117.8678360;30.0
336;United States;West Raleigh;35.7868182;-78.6638947;122.0
337;United States;Arlington;32.7356870;-97.1080627;184.0
338;United States;Anaheim;33.8352932;-117.9145050;40.0
339;United States;Tampa;27.9475216;-82.4584274;1.0
340;United States;Saint Louis;38.6272733;-90.1978912;135.0
341;United States;Pittsburgh;40.4406248;-79.9958878;235.0
342;United States;Toledo;41.6639383;-83.5552139;191.0
343;United States;Cincinnati;39.1620036;-84.4568863;203.0
344;United States;Riverside;33.9533487;-117.3961563;262.0
345;United States;Bakersfield;35.3732921;-119.0187149;122.0
346;United States;Stockton;37.9577016;-121.2907791;4.0
347;United States;Newark;40.7356570;-74.1723633;16.0
348;United States;Buffalo;42.8864468;-78.8783722;183.0
349;United States;Corpus Christi;27.8005828;-97.3963776;6.0
350;United States;Aurora;39.7294319;-104.8319168;1647.0
351;United States;Raleigh;35.7720960;-78.6386108;91.0
352;United States;Saint Paul;44.9444101;-93.0932770;235.0
353;United States;Lexington-Fayette;38.0497996;-84.4585495;312.0
354;United States;Anchorage;61.2180556;-149.9002838;0.0
355;United States;Plano;33.0198431;-96.6988831;200.0
356;United States;Saint Petersburg;27.7708606;-82.6792679;14.0
357;United States;Louisville;38.2542376;-85.7594070;128.0
358;United States;Lincoln;40.8000011;-96.6669617;382.0
359;United States;Glendale;33.5386523;-112.1859894;336.0
360;United States;Henderson;36.0396988;-114.9819336;580.0
361;United States;Jersey City;40.7281575;-74.0776443;14.0
362;United States;Norfolk;36.8468146;-76.2852173;3.0
363;United States;Chandler;33.3061605;-111.8412476;380.0
364;United States;Greensboro;36.0726355;-79.7919769;244.0
365;United States;Birmingham;33.5206608;-86.8024902;173.0
366;United States;Fort Wayne;41.1306041;-85.1288605;243.0
367;United States;Lexington;37.9886892;-84.4777145;298.0
368;United States;Hialeah;25.8575963;-80.2781067;2.0
369;United States;Madison;43.0730517;-89.4012299;270.0
370;United States;Baton Rouge;30.4507462;-91.1545486;0.0
371;United States;Garland;32.9126240;-96.6388855;165.0
372;United States;Modesto;37.6390972;-120.9968796;12.0
373;United States;Paradise;36.0971945;-115.1466675;626.0
374;United States;Chula Vista;32.6400541;-117.0841980;23.0
375;United States;Lubbock;33.5778631;-101.8551636;976.0
376;United States;Rochester;43.1547845;-77.6155548;155.0
377;United States;Laredo;27.5064070;-99.5075455;115.0
378;United States;Akron;41.0814447;-81.5190048;290.0
379;United States;Orlando;28.5383355;-81.3792343;34.0
380;United States;Durham;35.9940329;-78.8986206;122.0
381;United States;North Glendale;34.1605626;-118.2645187;174.0
382;United States;Scottsdale;33.5092103;-111.8990326;386.0
383;Andorra;Andorra la Vella;42.5051514;1.5150619;1011.0
384;Andorra;les Escaldes;42.5072870;1.5341377;1350.0
385;Andorra;Encamp;42.5333333;1.5833333;1571.0
386;Andorra;Sant Julia de Loria;42.4637237;1.4912868;1045.0
387;Andorra;la Massana;42.5449867;1.5148258;1257.0
388;Andorra;Canillo;42.5666667;1.6000000;1655.0
389;Andorra;Pas de la Casa;42.5427734;1.7336082;2230.0
390;Angola;Luanda;-8.8383333;13.2344446;6.0
391;Angola;Huambo;-12.7761111;15.7391663;1723.0
392;Angola;Lobito;-12.3480556;13.5455561;14.0
393;Angola;Benguela;-12.5783333;13.4072218;30.0
394;Angola;Kuito;-12.3833333;16.9333324;1631.0
395;Angola;Lubango;-14.9166667;13.5000000;1719.0
396;Angola;Malanje;-9.5447222;16.3452778;1156.0
397;Angola;Namibe;-15.1961111;12.1522226;9.0
398;Angola;Soyo;-6.1333333;12.3666668;6.0
399;Angola;Cabinda;-5.5500000;12.1999998;1.0
400;Angola;Uige;-7.6166667;15.0500002;859.0
401;Angola;Saurimo;-9.6500000;20.3999996;1041.0
402;Angola;Sumbe;-11.2000000;13.8333330;-9999.0
403;Angola;Caluquembe;-13.7833333;14.6833334;1769.0
404;Angola;Caxito;-8.5800000;13.6641665;84.0
405;Angola;Longonjo;-12.9066667;15.2533331;1402.0
406;Angola;Caala;-12.8525000;15.5605555;1747.0
407;Angola;Luena;-11.7833333;19.9166660;1330.0
408;Angola;Lucapa;-8.4166667;20.7500000;929.0
409;Angola;Camacupa;-12.0166667;17.4833336;1475.0
410;Angola;Catabola;-12.1500000;17.2833328;1524.0
411;Angola;Luau;-10.7000000;22.2333336;1109.0
412;Angola;Catumbela;-12.4313889;13.5472221;31.0
413;Angola;Camabatela;-8.1833333;15.3666668;1195.0
414;Angola;Waku Kungo;-11.3500000;15.1166668;1476.0
415;Angola;Caconda;-13.7333333;15.0666666;1724.0
416;Angola;Ondjiva;-17.0666667;15.7333336;1099.0
417;Angola;Quibala;-10.7333333;14.9833336;1375.0
418;Angola;Chissamba;-12.1666667;17.3333340;1373.0
419;Angola;Leua;-11.6500000;20.4500008;1214.0
420;Angola;Lumeje;-11.5500000;20.7833328;1121.0
421;Angola;Cazage;-11.0666667;20.7000008;1143.0
422;Argentina;Buenos Aires;-34.5761256;-58.4088135;13.0
423;Argentina;Cordoba;-31.4000000;-64.1833344;384.0
424;Argentina;Rosario;-32.9511111;-60.6663895;11.0
425;Argentina;Mendoza;-32.8833333;-68.8166656;824.0
426;Argentina;San Miguel de Tucuman;-26.8166667;-65.2166672;437.0
427;Argentina;La Plata;-34.9313889;-57.9488907;29.0
428;Argentina;Mar del Plata;-38.0000000;-57.5499992;39.0
429;Argentina;Quilmes;-34.7202778;-58.2694435;19.0
430;Argentina;Salta;-24.7833333;-65.4166641;1171.0
431;Argentina;Santa Fe;-31.6333333;-60.7000008;20.0
432;Argentina;San Juan;-31.5375000;-68.5363922;650.0
433;Argentina;Resistencia;-27.4500000;-58.9833336;48.0
434;Argentina;Santiago del Estero;-27.7833333;-64.2666702;180.0
435;Argentina;Corrientes;-27.4666667;-58.8333321;52.0
436;Argentina;Posadas;-27.3833333;-55.8833351;54.0
437;Argentina;San Salvador de Jujuy;-24.1833333;-65.3000031;1206.0
438;Argentina;Bahia Blanca;-38.7166667;-62.2833328;21.0
439;Argentina;Parana;-31.7333333;-60.5333328;68.0
440;Argentina;Neuquen;-38.9500000;-68.0666656;255.0
441;Argentina;Formosa;-26.1833333;-58.1833344;55.0
442;Argentina;San Fernando del Valle de Catamarca;-28.4666667;-65.7833328;520.0
443;Argentina;San Luis;-33.3000000;-66.3499985;709.0
444;Argentina;La Rioja;-29.4333333;-66.8499985;465.0
445;Argentina;Rio Cuarto;-33.1333333;-64.3499985;422.0
446;Argentina;Concordia;-31.4000000;-58.0333328;22.0
447;Argentina;Comodoro Rivadavia;-45.8666667;-67.5000000;18.0
448;Argentina;San Nicolas de los Arroyos;-33.3302778;-60.2269440;6.0
449;Argentina;Santa Rosa;-36.6166667;-64.2833328;176.0
450;Argentina;San Rafael;-34.6000000;-68.3333359;691.0
451;Argentina;Tandil;-37.3166667;-59.1500015;189.0
452;Argentina;San Carlos de Bariloche;-41.1500000;-71.3000031;894.0
453;Argentina;Trelew;-43.2489539;-65.3050537;10.0
454;Argentina;Villa Maria;-32.4166667;-63.2500000;187.0
455;Argentina;Reconquista;-29.1500000;-59.6500015;32.0
456;Argentina;Zarate;-34.0922222;-59.0349998;27.0
457;Argentina;Rafaela;-31.2666667;-61.4833336;91.0
458;Argentina;Pergamino;-33.8925000;-60.5724983;57.0
459;Argentina;Olavarria;-36.9000000;-60.2833328;163.0
460;Argentina;Rio Gallegos;-51.6333333;-69.2166672;13.0
461;Argentina;Junin;-34.5850000;-60.9588890;77.0
462;Argentina;San Martin;-33.0666667;-68.4666672;656.0
463;Argentina;Presidencia Roque Saenz Pena;-26.7833333;-60.4500008;87.0
464;Argentina;Lujan;-34.5702778;-59.1049995;22.0
465;Argentina;Campana;-34.1769444;-58.9208336;3.0
466;Argentina;Necochea;-38.5500000;-58.7500000;31.0
467;Argentina;Gualeguaychu;-33.0102778;-58.5141678;15.0
468;Argentina;San Ramon de la Nueva Oran;-23.1322304;-64.3259811;357.0
469;Argentina;General Roca;-39.0333333;-67.5833359;232.0
470;Argentina;Venado Tuerto;-33.7497222;-61.9669456;109.0
471;Argentina;Goya;-29.1333333;-59.2666664;23.0
472;Argentina;Villa Carlos Paz;-31.4000000;-64.5166702;686.0
473;Argentina;Concepcion del Uruguay;-32.4833333;-58.2283325;3.0
474;Argentina;Puerto Madryn;-42.7666667;-65.0500031;18.0
475;Argentina;Tartagal;-22.5333333;-63.8166656;468.0
476;Argentina;San Francisco;-31.4333333;-62.0833321;123.0
477;Argentina;San Pedro;-24.2333333;-64.8666687;563.0
478;Argentina;Ushuaia;-54.8000000;-68.3000031;-9999.0
479;Argentina;Punta Alta;-38.8833333;-62.0833321;3.0
480;Argentina;General Pico;-35.6666667;-63.7333336;103.0
481;Argentina;Colegiales;-34.5833333;-58.4500008;21.0
482;Argentina;Obera;-27.4833333;-55.1333351;302.0
483;Argentina;Chivilcoy;-34.9083333;-60.0305557;34.0
484;Argentina;Azul;-36.7833333;-59.8499985;137.0
485;Argentina;Rio Tercero;-32.1833333;-64.0999985;365.0
486;Argentina;Mercedes;-34.6544444;-59.4344444;40.0
487;Argentina;Libertador General San Martin;-23.8000000;-64.8000031;473.0
488;Argentina;Viedma;-40.8000000;-63.0000000;12.0
489;Argentina;San Lorenzo;-28.1333333;-58.7666664;70.0
490;Argentina;Cutral-Co;-38.9333333;-69.2333298;612.0
491;Argentina;Tres Arroyos;-38.3833333;-60.2833328;100.0
492;Argentina;Villa Constitucion;-33.2333333;-60.3333321;50.0
493;Argentina;Alta Gracia;-31.6666667;-64.4333344;516.0
494;Argentina;Canada de Gomez;-32.8169444;-61.4008331;70.0
495;Argentina;Bell Ville;-32.6166667;-62.7000008;123.0
496;Argentina;Nueve de Julio;-35.4541667;-60.8913879;83.0
497;Argentina;Chacabuco;-34.6416667;-60.4738884;66.0
498;Argentina;Villa Santa Rita;-34.6147735;-58.4797096;21.0
499;Argentina;Gualeguay;-33.1444444;-59.3291664;15.0
500;Argentina;Puerto Iguazu;-25.5991157;-54.5735550;183.0
501;Argentina;Mercedes;-29.2000000;-58.0833321;85.0
502;Argentina;Coronel Suarez;-37.4666667;-61.9166679;228.0
503;Argentina;Rawson;-43.3000000;-65.0999985;4.0
504;Argentina;Dolores;-36.3333333;-57.6666679;9.0
505;Argentina;Victoria;-32.6184122;-60.1547813;36.0
506;Argentina;Lincoln;-34.8650000;-61.5319443;78.0
507;Argentina;Veinticinco de Mayo;-35.4280556;-60.1741676;59.0
508;Argentina;Clorinda;-25.2833333;-57.7166672;63.0
509;Argentina;Cafayate;-26.0833333;-65.9666672;1590.0
510;Argentina;El Calafate;-50.3407497;-72.2768173;200.0
511;Argentina;Larroque;-33.0333333;-59.0166664;58.0
512;Argentina;Campo Quijano;-24.9166667;-65.6500015;1665.0
513;Argentina;San Antonio de los Cobres;-24.1833333;-66.3499985;3932.0
514;Argentina;Santa Rosa de Tastil;-24.4333333;-65.9499969;3346.0
515;Argentina;Purmamarca;-23.7333333;-65.4833298;2222.0
516;Argentina;Villa Catedral;-41.1673478;-71.4387741;1021.0
517;Armenia;Yerevan;40.1811111;44.5136108;1002.0
518;Armenia;Gyumri;40.7894444;43.8474998;1545.0
519;Armenia;Vanadzor;40.8127778;44.4883347;1320.0
520;Armenia;Ejmiatsin;40.1727778;44.2924995;879.0
521;Armenia;Hrazdan;40.5016667;44.7547226;1735.0
522;Armenia;Abovyan;40.2691667;44.6244431;1408.0
523;Armenia;Kapan;39.2011111;46.4150009;822.0
524;Armenia;Ararat;39.8302778;44.7024994;813.0
525;Armenia;Armavir;40.1522222;44.0308342;878.0
526;Armenia;Gavarr;40.3588889;45.1266670;1982.0
527;Armenia;Artashat;39.9538889;44.5505562;837.0
528;Armenia;Goris;39.5077778;46.3386116;1363.0
529;Armenia;Masis;40.0672222;44.4361115;843.0
530;Armenia;Ashtarak;40.3016667;44.3591652;1190.0
531;Armenia;Sevan;40.5550000;44.9536095;1905.0
532;Armenia;Spitak;40.8372222;44.2675018;1543.0
533;Armenia;Ijevan;40.8755556;45.1491661;755.0
534;Armenia;Dilijan;40.7408333;44.8630562;1345.0
535;Armenia;Alaverdi;41.1305556;44.6519432;1296.0
536;Armenia;Vedi;39.9105556;44.7277794;919.0
537;Armenia;Vardenis;40.1805556;45.7283325;1944.0
538;Armenia;Martuni;40.1447222;45.3063889;1915.0
539;Armenia;Yeghvard;40.3216667;44.4813881;1335.0
540;Armenia;Metsamor;40.0713889;44.2891655;842.0
541;Armenia;Berd;40.8808333;45.3916664;978.0
542;Armenia;Vardenik;40.1350000;45.4363899;2031.0
543;Armenia;Akhuryan;40.7813889;43.8963890;1544.0
544;Armenia;Tashir;41.1244444;44.2819443;1522.0
545;Armenia;Byureghavan;40.3147222;44.5936127;1411.0
546;Armenia;Garrni;40.1194444;44.7230568;1410.0
547;Armenia;Sarukhan;40.2891667;45.1341667;1972.0
548;Armenia;Chambarak;40.5952778;45.3474998;1852.0
549;Armenia;Aparan;40.5961111;44.3536110;1899.0
550;Armenia;Noratus;40.3822222;45.1783333;1935.0
551;Armenia;Hoktember;40.1361111;44.0138893;869.0
552;Armenia;Noyemberyan;41.1725000;44.9936104;857.0
553;Armenia;Karanlukh;40.1044444;45.2897224;2167.0
554;Armenia;Mrgashat;40.1297222;44.0705566;856.0
555;Armenia;Maralik;40.5722222;43.8669434;1717.0
556;Armenia;Nor Geghi;40.3211111;44.5797234;1300.0
557;Armenia;Oshakan;40.2705556;44.2691650;1011.0
558;Armenia;Metsavan;41.2016667;44.2288895;1560.0
559;Armenia;Agarak;39.2038889;46.5472221;892.0
560;Armenia;Jermuk;39.8416667;45.6722221;2135.0
561;Armenia;Meghri;38.9022222;46.2383347;684.0
562;Armenia;Odzun;41.0538889;44.6113892;1100.0
563;Armenia;Zovuni;40.5108333;44.4288902;1852.0
564;Armenia;Azatan;40.7238889;43.8205566;1483.0
565;Armenia;Prroshyan;40.2480556;44.4150009;1185.0
566;Armenia;Kasakh;40.5333333;44.4166679;1811.0
567;Armenia;Yeranos;40.2080556;45.1861115;1963.0
568;Armenia;Avshar;39.8405556;44.6836128;840.0
569;Armenia;Lchashen;40.5202778;44.9308319;1893.0
570;Armenia;Malishka;39.7369444;45.3875008;1187.0
571;Armenia;Verin Getashen;40.1327778;45.2486115;1968.0
572;Armenia;Nalbandyan;40.0677778;43.9855537;870.0
573;Armenia;Tsovinar;40.1608333;45.4538879;1916.0
574;Armenia;Verin Artashat;40.0005556;44.5849991;921.0
575;Armenia;Shahumyan;39.9308333;44.5783348;835.0
576;Armenia;Byurakan;40.3413889;44.2736130;1462.0
577;Armenia;Tsovagyugh;40.6330556;44.9522209;1981.0
578;Armenia;Gandzak;40.3147222;45.1113892;1985.0
579;Armenia;Arshaluys;40.1688889;44.2141685;872.0
580;Armenia;Voskevaz;40.2797222;44.2949982;1035.0
581;Armenia;Aygavan;39.8647222;44.6702766;848.0
582;Armenia;Dzoragyugh;40.1752778;45.1749992;2096.0
583;Armenia;Karbi;40.3338889;44.3777771;1298.0
584;Armenia;Astghadzor;40.1238889;45.3566666;2042.0
585;Armenia;Hovtashat;40.1019444;44.3427773;835.0
586;Armenia;Myasnikyan;40.1775000;43.9063873;913.0
587;Armenia;Haghartsin;40.7780556;44.9625015;1075.0
588;Armenia;Gay;40.0838889;44.3055573;839.0
589;Armenia;Margahovit;40.7380556;44.6875000;1833.0
590;Armenia;Vaghashen;40.1377778;45.3291664;1950.0
591;Armenia;Aramus;40.2511111;44.6630554;1443.0
592;Armenia;Artsvaberd;40.8336111;45.4711113;1167.0
593;Armenia;Aygezard;39.9458333;44.6088905;879.0
594;Armenia;Berdavan;41.2027778;45.0033340;671.0
595;Armenia;Bambakashat;40.1144444;44.0122223;870.0
596;Armenia;Arteni;40.2983333;43.7541656;1225.0
597;Armenia;Dalarik;40.2183333;43.8602791;1020.0
598;Armenia;Jrashen;40.7875000;44.1972237;1737.0
599;Armenia;Norashen;40.0041667;44.5947227;935.0
600;Armenia;Bagratashen;41.2458333;44.8211098;479.0
601;Armenia;Janfida;40.0455556;44.0208321;877.0
602;Armenia;Balahovit;40.2536111;44.6038895;1412.0
603;Armenia;Marmarashen;40.0575000;44.4711113;853.0
604;Armenia;Vostan;39.9588889;44.5591660;849.0
605;Armenia;Aghavnatun;40.2336111;44.2513885;939.0
606;Armenia;Aygehovit;40.9744444;45.2519455;815.0
607;Armenia;Shnogh;41.1477778;44.8377762;684.0
608;Australia;Sydney;-33.8678500;151.2073212;1.0
609;Australia;Melbourne;-37.8139966;144.9633179;58.0
610;Australia;Perth;-31.9333333;115.8333359;32.0
611;Australia;Adelaide;-34.9333333;138.6000061;65.0
612;Australia;Brisbane;-27.4679357;153.0280914;15.0
613;Australia;Gold Coast;-28.0000000;153.4333344;1.0
614;Australia;Newcastle;-32.9271484;151.7764740;1.0
615;Australia;Canberra;-35.2834625;149.1280670;609.0
616;Australia;Wollongong;-34.4333333;150.8833313;26.0
617;Australia;Geelong;-38.1471126;144.3607025;-9999.0
618;Australia;Cairns;-16.9166667;145.7666626;1.0
619;Australia;Geelong West;-38.1333333;144.3500061;-9999.0
620;Australia;Townsville;-19.2500000;146.8000031;1.0
621;Australia;Albury;-36.0833333;146.9166718;170.0
622;Australia;Nowra;-34.8833333;150.6000061;1.0
623;Australia;Darwin;-12.4611337;130.8418427;-9999.0
624;Australia;Toowoomba;-27.5500000;151.9666595;560.0
625;Australia;Ballarat;-37.5666667;143.8500061;465.0
626;Australia;Bendigo;-36.7666667;144.2833405;234.0
627;Australia;Mackay;-21.1500000;149.1999969;-9999.0
628;Australia;Mandurah;-32.5500000;115.6999969;1.0
629;Australia;Launceston;-41.4500000;147.1666718;105.0
630;Australia;Rockhampton;-23.3833333;150.5000000;2.0
631;Australia;Coffs Harbour;-30.3000000;153.1333313;8.0
632;Australia;South Brisbane;-27.4833333;153.0166626;17.0
633;Australia;Wagga Wagga;-35.1166667;147.3666687;148.0
634;Australia;Bundaberg;-24.8500000;152.3500061;7.0
635;Australia;Port Macquarie;-31.4333333;152.9166718;-9999.0
636;Australia;Mildura;-34.2000000;142.1499939;60.0
637;Australia;Hobart;-42.9166667;147.3333282;151.0
638;Australia;Torquay;-25.2833333;152.8666687;-9999.0
639;Australia;Mooloolaba;-26.6833333;153.1166687;-9999.0
640;Australia;Taree;-31.9000000;152.4666595;56.0
641;Australia;Cranbourne;-38.1000000;145.2833405;1.0
642;Australia;Caloundra;-26.8000000;153.1333313;1.0
643;Australia;Tamworth;-31.1000000;150.9333344;545.0
644;Australia;Kalgoorlie;-30.7500000;121.4666672;469.0
645;Australia;Shepparton;-36.3833333;145.3999939;132.0
646;Australia;Melton;-37.6833333;144.5833282;128.0
647;Australia;Queanbeyan;-35.3500000;149.2333374;609.0
648;Australia;Wodonga;-36.1166667;146.8833313;153.0
649;Australia;Lismore;-28.8135438;153.2772980;130.0
650;Australia;Gladstone;-23.8500000;151.2500000;1.0
651;Australia;Orange;-33.2833333;149.1000061;652.0
652;Australia;Warrnambool;-38.3833333;142.4833374;1.0
653;Australia;Sunbury;-37.5833333;144.7333374;197.0
654;Australia;Dubbo;-32.2500000;148.6166687;304.0
655;Australia;Geraldton;-28.7666667;114.5999985;2.0
656;Australia;Bunbury;-33.3333333;115.6333313;1.0
657;Australia;Alice Springs;-23.7000000;133.8833313;609.0
658;Australia;Palmerston;-12.4860237;130.9832916;6.0
659;Australia;Albany;-35.0169444;117.8916702;85.0
660;Australia;Mount Gambier;-37.8333333;140.7666626;82.0
661;Australia;Armidale;-30.5166667;151.6499939;1014.0
662;Australia;Mount Isa;-20.7333333;139.5000000;438.0
663;Australia;Caboolture;-27.0833333;152.9499969;66.0
664;Australia;Goulburn;-34.7500000;149.7166595;563.0
665;Australia;Mornington;-38.2166667;145.0333405;1.0
666;Australia;Maryborough;-25.5333333;152.6999969;4.0
667;Australia;Kwinana;-32.2500000;115.7666702;24.0
668;Australia;Burnie;-41.0666667;145.9166718;1.0
669;Australia;Brunswick;-37.7666667;144.9666595;129.0
670;Australia;Craigieburn;-37.6000000;144.9499969;156.0
671;Australia;Whyalla;-33.0333333;137.5833282;1.0
672;Australia;Echuca;-36.1333333;144.7500000;73.0
673;Australia;Devonport;-41.1666667;146.3500061;1.0
674;Australia;Roebourne;-20.7833333;117.1333313;11.0
675;Australia;Hornsby;-33.7000000;151.1000061;163.0
676;Australia;Katoomba;-33.7000000;150.3000031;720.0
677;Australia;Surfers Paradise;-28.0027378;153.4299927;1.0
678;Australia;Traralgon;-38.1833333;146.5333405;119.0
679;Australia;Murray Bridge;-35.1166667;139.2666626;10.0
680;Australia;Nerang;-27.9833333;153.3333282;49.0
681;Australia;Forster;-32.1666667;152.5166626;-9999.0
682;Australia;Broken Hill;-31.9500000;141.4333344;305.0
683;Australia;Karratha;-20.7291441;116.8547058;1.0
684;Australia;South Grafton;-29.7000000;152.9499969;78.0
685;Australia;Cessnock;-32.8333333;151.3500061;152.0
686;Australia;Gawler;-34.6000000;138.7333374;72.0
687;Australia;Deception Bay;-27.2000000;153.0333405;3.0
688;Australia;Griffith;-34.2833333;146.0333405;117.0
689;Australia;Buderim;-26.6833333;153.0500031;43.0
690;Australia;Nambour;-26.6333333;152.9499969;139.0
691;Australia;Crafers;-35.0000000;138.6999969;303.0
692;Australia;Sawtell;-30.3833333;153.1000061;-9999.0
693;Australia;Kingston;-42.9666667;147.3166656;23.0
694;Australia;Port Hedland;-20.3166667;118.5666656;-9999.0
695;Australia;Ballina;-28.8666667;153.5666656;1.0
696;Australia;Wangaratta;-36.3666667;146.3333282;148.0
697;Australia;Port Augusta;-32.5000000;137.7666626;7.0
698;Australia;Singleton;-32.5666667;151.1833344;154.0
699;Australia;Cleveland;-27.5333333;153.2666626;1.0
700;Australia;Bongaree;-27.0797222;153.1586151;1.0
701;Australia;Raymond Terrace;-32.7500000;151.7500000;7.0
702;Australia;Bacchus Marsh;-37.6833333;144.4499969;129.0
703;Australia;Broome;-17.9666667;122.2333298;-9999.0
704;Australia;Moe;-38.1666667;146.2666626;150.0
705;Australia;Sale;-38.1000000;147.0666656;37.0
706;Australia;Horsham;-36.7166667;142.1999969;116.0
707;Australia;Warwick;-28.2333333;152.0166626;555.0
708;Austria;Wien;48.2084878;16.3720760;164.0
709;Austria;Graz;47.0666667;15.4499998;365.0
710;Austria;Linz;48.3063889;14.2861109;263.0
711;Austria;Salzburg;47.8000000;13.0333328;447.0
712;Austria;Innsbruck;47.2666667;11.3999996;566.0
713;Austria;Klagenfurt;46.6247222;14.3052778;443.0
714;Austria;Villach;46.6102778;13.8558331;473.0
715;Austria;Wels;48.1666667;14.0333328;315.0
716;Austria;Sankt Polten;48.2000000;15.6333332;262.0
717;Austria;Dornbirn;47.4166667;9.7330561;415.0
718;Austria;Steyr;48.0427423;14.4212723;290.0
719;Austria;Wiener Neustadt;47.8000000;16.2500000;262.0
720;Austria;Feldkirch;47.2330556;9.6000004;464.0
721;Austria;Bregenz;47.5031127;9.7471046;433.0
722;Austria;Wolfsberg;46.8405556;14.8441668;555.0
723;Austria;Baden;48.0166667;16.2333336;289.0
724;Austria;Klosterneuburg;48.3052064;16.3252220;153.0
725;Austria;Leoben;47.3833333;15.1000004;552.0
726;Austria;Weinzierl bei Krems;48.4000000;15.6000004;189.0
727;Austria;Traun;48.2166667;14.2333336;271.0
728;Austria;Krems an der Donau;48.4092063;15.6141472;192.0
729;Austria;Amstetten;48.1229032;14.8720551;268.0
730;Austria;Leonding;48.2666667;14.2500000;275.0
731;Austria;Kapfenberg;47.4333333;15.3000002;711.0
732;Austria;Modling;48.0833333;16.2833328;222.0
733;Austria;Lustenau;47.4330556;9.6499996;398.0
734;Austria;Hallein;47.6833333;13.1000004;450.0
735;Austria;Braunau am Inn;48.2666667;13.0333328;360.0
736;Austria;Spittal an der Drau;46.8000000;13.5000000;564.0
737;Austria;Traiskirchen;48.0166667;16.2833328;202.0
738;Austria;Saalfelden am Steinernen Meer;47.4166667;12.8500004;755.0
739;Austria;Kufstein;47.5833333;12.1666670;590.0
740;Austria;Schwechat;48.1333333;16.4666672;167.0
741;Austria;Ternitz;47.7166667;16.0333328;386.0
742;Austria;Ansfelden;48.2000000;14.2833328;342.0
743;Austria;Stockerau;48.3833333;16.2166672;171.0
744;Austria;Feldkirchen in Karnten;46.7166667;14.1000004;594.0
745;Austria;Bad Ischl;47.7166667;13.6166668;638.0
746;Austria;Tulln;48.3333333;16.0499992;171.0
747;Austria;Hohenems;47.3666667;9.6830559;404.0
748;Austria;Perchtoldsdorf;48.1166667;16.2666664;226.0
749;Austria;Telfs;47.3000000;11.0666666;684.0
750;Austria;Bludenz;47.1497222;9.8166666;554.0
751;Austria;Gmunden;47.9166667;13.8000002;479.0
752;Austria;Bruck an der Mur;47.4166667;15.2833328;629.0
753;Austria;Sankt Veit an der Glan;46.7680556;14.3602781;466.0
754;Austria;Knittelfeld;47.2166667;14.8166666;658.0
755;Austria;Schwaz;47.3349837;11.7002678;696.0
756;Austria;Lienz;46.8311111;12.7597218;661.0
757;Austria;Vocklabruck;48.0166667;13.6499996;482.0
758;Austria;Waidhofen an der Ybbs;47.9666667;14.7666664;474.0
759;Austria;Hard;47.4830556;9.6830559;400.0
760;Austria;Zwettl Stift;48.6166667;15.1999998;552.0
761;Austria;Marchtrenk;48.1833333;14.1166668;293.0
762;Austria;Volkermarkt;46.6622222;14.6344442;444.0
763;Austria;Ried im Innkreis;48.2166667;13.5000000;413.0
764;Austria;Korneuburg;48.3500000;16.3333340;162.0
765;Austria;Rankweil;47.2830556;9.6499996;531.0
766;Austria;Neunkirchen;47.7166667;16.0833340;337.0
767;Austria;Worgl;47.4833333;12.0666666;718.0
768;Austria;Bad Voslau;47.9666667;16.2000008;251.0
769;Austria;Hollabrunn;48.5500000;16.0833340;251.0
770;Austria;Sankt Johann im Pongau;47.3500000;13.1999998;712.0
771;Austria;Sankt Andra;46.7661111;14.8236113;397.0
772;Austria;Mistelbach;48.5700000;16.5766659;216.0
773;Austria;Enns;48.2000000;14.4666672;250.0
774;Austria;Koflach;47.0666667;15.0833330;478.0
775;Austria;Gotzis;47.3330556;9.6330557;416.0
776;Austria;Bischofshofen;47.4166667;13.2166672;691.0
777;Austria;Zell am See;47.3166667;12.7833328;946.0
778;Austria;Judenburg;47.1666667;14.6666670;712.0
779;Austria;Voitsberg;47.0333333;15.1499996;544.0
780;Austria;Seekirchen Markt;47.9000000;13.1333332;508.0
781;Austria;Altmunster;47.9021890;13.7641525;436.0
782;Austria;Laakirchen;47.9818790;13.8216591;441.0
783;Austria;Ebreichsdorf;47.9500000;16.3999996;194.0
784;Austria;Murzzuschlag;47.6000000;15.6833334;811.0
785;Austria;Imst;47.2450371;10.7397366;781.0
786;Austria;Lauterach;47.4830556;9.7330561;410.0
787;Austria;Weiz;47.2166667;15.6166668;460.0
788;Austria;Neu-Guntramsdorf;48.0666667;16.3166676;185.0
789;Austria;Sankt Valentin;48.1666667;14.5166664;261.0
790;Austria;Gerasdorf bei Wien;48.2944721;16.4676476;151.0
791;Austria;Kitzbuhel;47.4463748;12.3921490;812.0
792;Austria;Velden am Worthersee;46.6161111;14.0458336;425.0
793;Austria;Berndorf;47.9500000;16.1000004;336.0
794;Austria;Gross-Enzersdorf;48.2027778;16.5508327;148.0
795;Austria;Sierning;48.0434309;14.3093491;361.0
796;Austria;Ganserndorf;48.3392500;16.7201614;153.0
797;Austria;Wiener Neudorf;48.0666667;16.3166676;185.0
798;Austria;Engerwitzdorf;48.3500000;14.4499998;330.0
799;Austria;Rum;47.2833333;11.4499998;556.0
800;Austria;Finkenstein am Faaker See;46.5655556;13.8652782;564.0
801;Austria;Ebensee;47.8000000;13.7666664;485.0
802;Austria;Purkersdorf;48.2000000;16.1666660;372.0
803;Austria;Trofaiach;47.4166667;15.0000000;643.0
804;Austria;Fohnsdorf;47.2000000;14.6833334;723.0
805;Austria;Wolfurt;47.4666667;9.7500000;529.0
806;Austria;Maria Enzersdorf;48.1000000;16.2833328;214.0
807;Austria;Deutschlandsberg;46.8152778;15.2222223;372.0
808;Azerbaijan;Baku;40.3952778;49.8822212;30.0
809;Azerbaijan;Ganca;40.6827778;46.3605537;409.0
810;Azerbaijan;Sumqayit;40.5897222;49.6686096;24.0
811;Azerbaijan;Mingacevir;40.7700000;47.0488892;32.0
812;Azerbaijan;Qaracuxur;40.3966667;49.9736099;61.0
813;Azerbaijan;Ali Bayramli;39.9319444;48.9202766;13.0
814;Azerbaijan;Bakixanov;40.4216667;49.9644432;43.0
815;Azerbaijan;Naxcivan;39.2088889;45.4122238;890.0
816;Azerbaijan;Saki;41.1919444;47.1705551;606.0
817;Azerbaijan;Yevlax;40.6172222;47.1500015;15.0
818;Azerbaijan;Bilacari;40.4313889;49.8080559;73.0
819;Azerbaijan;Mastaga;40.5327778;50.0038872;31.0
820;Azerbaijan;Agdam;39.9930556;46.9305573;363.0
821;Azerbaijan;Barda;40.3744444;47.1266670;82.0
822;Azerbaijan;Xacmaz;41.4708333;48.8097229;25.0
823;Azerbaijan;Salyan;39.5950000;48.9791679;-4.0
824;Azerbaijan;Hovsan;40.3744444;50.0852776;-18.0
825;Azerbaijan;Calilabad;39.2088889;48.4972229;31.0
826;Azerbaijan;Samkir;40.8297222;46.0188904;433.0
827;Azerbaijan;Goycay;40.6530556;47.7405548;111.0
828;Azerbaijan;Agcabadi;40.0527778;47.4613876;24.0
829;Azerbaijan;Imisli;39.8697222;48.0600014;15.0
830;Azerbaijan;Lokbatan;40.3272222;49.7299995;32.0
831;Azerbaijan;Samaxi;40.6302778;48.6413879;637.0
832;Azerbaijan;Sabirabad;40.0127778;48.4788895;-15.0
833;Azerbaijan;Amircan;40.4263889;49.9836121;56.0
834;Azerbaijan;Buzovna;40.5161111;50.1163902;-11.0
835;Azerbaijan;Bina;40.4538889;50.0763893;14.0
836;Azerbaijan;Agdas;40.6500000;47.4761124;42.0
837;Azerbaijan;Qazimammad;40.0433333;48.9355545;-3.0
838;Azerbaijan;Quba;41.3597222;48.5125008;587.0
839;Azerbaijan;Zabrat;40.4872222;49.9524994;43.0
840;Azerbaijan;Sabuncu;40.4425000;49.9480553;34.0
841;Azerbaijan;Haci Zeynalabdin;40.6233333;49.5586128;-10.0
842;Azerbaijan;Qazax;41.0933333;45.3661118;384.0
843;Azerbaijan;Susa;39.7563889;46.7511101;1172.0
844;Azerbaijan;Neftcala;39.3586111;49.2469444;-7.0
845;Azerbaijan;Zaqatala;41.6336111;46.6433334;545.0
846;Azerbaijan;Tartar;40.3450000;46.9288902;226.0
847;Azerbaijan;Bilasuvar;39.4583333;48.5449982;15.0
848;Azerbaijan;Xanlar;40.5869444;46.3158340;691.0
849;Azerbaijan;Agsu;40.5691667;48.4008331;114.0
850;Azerbaijan;Qusar;41.4263889;48.4355545;618.0
851;Azerbaijan;Ucar;40.5183333;47.6541672;13.0
852;Azerbaijan;Mardakan;40.4922222;50.1388893;-4.0
853;Azerbaijan;Astara;38.4561111;48.8786125;-24.0
854;Azerbaijan;Binaqadi;40.4758333;49.8222237;47.0
855;Azerbaijan;Xudat;41.6280556;48.6827774;54.0
856;Azerbaijan;Ismayilli;40.7900000;48.1519432;616.0
857;Azerbaijan;Artyom;40.4708333;50.3216667;-3.0
858;Azerbaijan;Qobustan;40.0841667;49.4158325;-15.0
859;Azerbaijan;Goytapa;39.1166667;48.5952797;3.0
860;Azerbaijan;Tovuz;40.9922222;45.6288872;413.0
861;Azerbaijan;Agstafa;41.1188889;45.4538879;338.0
862;Azerbaijan;Qax;41.4225000;46.9241676;616.0
863;Azerbaijan;Qabala;40.9813889;47.8458328;789.0
864;Azerbaijan;Badamdar;40.3394444;49.8038902;130.0
865;Azerbaijan;Balaxani;40.4616667;49.9199982;61.0
866;Azerbaijan;Culfa;38.9500000;45.6319427;707.0
867;Azerbaijan;Zardab;40.2183333;47.7083321;7.0
868;Azerbaijan;Saray;40.5322222;49.7163887;68.0
869;Azerbaijan;Agdara;40.2152778;46.8127785;452.0
870;Azerbaijan;Zira;40.3636111;50.2902794;-21.0
871;Azerbaijan;Ordubad;38.9080556;46.0277786;907.0
872;Azerbaijan;Turkan;40.3638889;50.2150002;-20.0
873;Azerbaijan;Masalli;39.0341667;48.6655540;1.0
874;Azerbaijan;Balakan;41.7258333;46.4083328;388.0
875;Azerbaijan;Aliabad;41.4783333;46.6175003;254.0
876;Azerbaijan;Bilgah;40.5680556;50.0377769;35.0
877;Azerbaijan;Ramana;40.4422222;49.9805565;52.0
878;Azerbaijan;Gadabay;40.5655556;45.8161125;1473.0
879;Azerbaijan;Corat;40.5725000;49.7063904;-1.0
880;Azerbaijan;Cabrayil;39.4000000;47.0261116;570.0
881;Azerbaijan;Nardaran;40.5561111;50.0055542;41.0
882;Azerbaijan;Icari;39.0822222;46.6549988;478.0
883;Azerbaijan;Zayam;40.8994444;45.8858337;375.0
884;Azerbaijan;Qobu;40.4047222;49.7130547;74.0
885;Azerbaijan;Goranboy;40.6102778;46.7897224;149.0
886;Azerbaijan;Lerik;38.7752778;48.4152794;1108.0
887;Azerbaijan;Banka;39.4200000;49.2475014;-7.0
888;Azerbaijan;Naftalan;40.5066667;46.8250008;199.0
889;Azerbaijan;Qubadli;39.3438889;46.5797234;540.0
890;Azerbaijan;Aran;40.6252778;46.9755554;44.0
891;Azerbaijan;Cinarli;41.4725000;46.9111099;903.0
892;Azerbaijan;Mincivan;39.0300000;46.7186127;335.0
893;Azerbaijan;Qizilhacili;40.5808333;46.8502769;122.0
894;Azerbaijan;Boradigah;38.9277778;48.7086105;-9.0
895;Azerbaijan;Xocali;39.9111111;46.7891655;584.0
896;Azerbaijan;Ceyranbatan;40.5408333;49.6597214;45.0
897;Azerbaijan;Qarayeri;40.7916667;46.3213882;239.0
898;Azerbaijan;Xocasan;40.4122222;49.7716675;36.0
899;Azerbaijan;Xocavand;39.7952778;47.1130562;336.0
900;Azerbaijan;Kijoba;38.5327778;48.8166656;-11.0
901;Azerbaijan;Mugan;40.0986111;48.8188896;-12.0
902;Azerbaijan;Dalilar;40.8627778;46.0366669;333.0
903;Azerbaijan;Hasanabad;39.3213889;49.2091675;-8.0
904;Azerbaijan;Qaracala;39.8077778;48.9338875;-7.0
905;Azerbaijan;Yardimli;38.9205556;48.2372208;979.0
906;Azerbaijan;Xilli;39.4266667;49.1063881;-7.0
907;Bahrain;Manama;26.2361111;50.5830574;-9999.0
908;Bahrain;Al Muharraq;26.2572222;50.6119461;13.0
909;Bahrain;Dar Kulayb;26.0686111;50.5038872;2.0
910;Bahrain;Madinat `Isa;26.1736110;50.5477791;5.0
911;Bahrain;Sitrah;26.1547222;50.6205559;6.0
912;Bahrain;Jidd Hafs;26.2186111;50.5477791;1.0
913;Bahrain;Al Hadd;26.2455556;50.6541672;3.0
914;Bangladesh;Dhaka;23.7230556;90.4086075;4.0
915;Bangladesh;Chittagong;22.3330556;91.8363876;7.0
916;Bangladesh;Khulna;22.8000000;89.5500031;9.0
917;Bangladesh;Rajshahi;24.3666667;88.5999985;31.0
918;Bangladesh;Comilla;23.4577778;91.2044449;12.0
919;Bangladesh;Tungi;23.8900000;90.4058304;4.0
920;Bangladesh;Mymensingh;24.7500000;90.4000015;17.0
921;Bangladesh;Rangpur;25.7500000;89.2500000;36.0
922;Bangladesh;Narsingdi;23.9208333;90.7180557;4.0
923;Bangladesh;Jessore;23.1666667;89.2166672;15.0
924;Bangladesh;Sylhet;24.8966667;91.8716660;9.0
925;Bangladesh;Narayanganj;23.6233333;90.5011139;4.0
926;Bangladesh;Dinajpur;25.6333333;88.6333313;35.0
927;Bangladesh;Barisal;22.7019444;90.3711090;2.0
928;Bangladesh;Saidpur;25.7776918;88.8916931;36.0
929;Bangladesh;Par Naogaon;24.8000000;88.9499969;14.0
930;Bangladesh;Tangail;24.2500000;89.9166641;13.0
931;Bangladesh;Jamalpur;24.9166667;89.9333344;12.0
932;Bangladesh;Sirajganj;24.4500000;89.7166672;13.0
933;Bangladesh;Nawabganj;24.6000000;88.2833328;21.0
934;Bangladesh;Pabna;24.0000000;89.2500000;8.0
935;Bangladesh;Kushtia;23.9166667;89.1166687;26.0
936;Bangladesh;Satkhira;22.7166667;89.0999985;14.0
937;Bangladesh;Faridpur;23.6000000;89.8333359;11.0
938;Bangladesh;Sherpur;25.0166667;90.0166702;14.0
939;Bangladesh;Bhairab Bazar;24.0666667;90.9666672;16.0
940;Bangladesh;Shahzadpur;24.1666667;89.5999985;17.0
941;Bangladesh;Bhola;22.6833333;90.6500015;1.0
942;Bangladesh;Kishorganj;24.4333333;90.7666702;10.0
943;Bangladesh;Habiganj;24.3833333;91.4166641;6.0
944;Bangladesh;Madaripur;23.1752778;90.2072220;-9999.0
945;Bangladesh;Feni;23.0186111;91.4100037;5.0
946;Bangladesh;Laksham;23.2472222;91.1425018;10.0
947;Bangladesh;Ishurdi;24.1333333;89.0833359;30.0
948;Bangladesh;Sarishabari;24.7333333;89.8333359;9.0
949;Bangladesh;Netrakona;24.8833333;90.7166672;2.0
950;Bangladesh;Jaipur Hat;25.1000000;89.0166702;29.0
951;Bangladesh;Thakurgaon;26.0333333;88.4666672;37.0
952;Bangladesh;Palang;23.2166667;90.3499985;5.0
953;Bangladesh;Lalmanir Hat;25.9000000;89.4499969;32.0
954;Bangladesh;Raipur;23.0500000;90.7666702;3.0
955;Bangladesh;Tungipara;22.9000000;89.9166641;6.0
956;Bangladesh;Lakshmipur;22.9500000;90.8333359;2.0
957;Bangladesh;Kaptaimukh;22.4713889;92.2322235;18.0
958;Bangladesh;Moulvi Bazar;24.4833333;91.7833328;13.0
959;Bangladesh;Ramganj;23.1000000;90.8499985;3.0
960;Bangladesh;Narail;23.1666667;89.5000000;14.0
961;Bangladesh;Pirojpur;22.5666667;89.9833298;3.0
962;Bangladesh;Sandwip;22.4677778;91.4561081;6.0
963;Bangladesh;Satkania;22.0755556;92.0513916;6.0
964;Bangladesh;Patiya;22.2947222;91.9791641;7.0
965;Bangladesh;Khagrachari;23.1000000;91.9666672;48.0
966;Bangladesh;Chilmari;25.5500000;89.7166672;18.0
967;Bangladesh;Nageswari;25.9666667;89.7166672;40.0
968;Bangladesh;Panchagarh;26.3333333;88.5666656;59.0
969;Bangladesh;Dakshin Char Fasson;22.2166667;90.7333298;2.0
970;Bangladesh;Parbatipur;25.6500000;88.9166641;30.0
971;Bangladesh;Barahanuddin;22.5000000;90.7166672;2.0
972;Bangladesh;Kaliganj;23.4166667;89.1333313;24.0
973;Bangladesh;Dohar;23.5883333;90.1469421;4.0
974;Bangladesh;Hajiganj;23.2511111;90.8591690;4.0
975;Bangladesh;Abhaynagar;23.0166667;89.4666672;16.0
976;Bangladesh;Lalmohan;22.3166667;90.7166672;1.0
977;Bangladesh;Jhikergacha;23.1166667;89.1166687;11.0
978;Bangladesh;Mirzapur;24.1000000;90.0999985;16.0
979;Bangladesh;Sakhipur;24.3000000;90.1833344;19.0
980;Bangladesh;Teknaf;20.8666667;92.3000031;-9999.0
981;Bangladesh;Gaurnadi;22.9666667;90.2333298;2.0
982;Bangladesh;Kalia;23.0500000;89.6333313;14.0
983;Bangladesh;Bera;24.0833333;89.6166687;20.0
984;Bangladesh;Mehendiganj;22.8166667;90.5333328;2.0
985;Bangladesh;Chhagalnaiya;23.0300000;91.5069427;8.0
986;Bangladesh;Chhatak;25.0333333;91.6666641;6.0
987;Bangladesh;Nalchiti;22.6333333;90.2833328;2.0
988;Bangladesh;Bheramara;24.0333333;88.9666672;8.0
989;Bangladesh;Phultala;22.7000000;89.5166702;9.0
990;Bangladesh;Baniachang;24.5166667;91.3666687;4.0
991;Bangladesh;Sarankhola;22.3000000;89.7833328;1.0
992;Bangladesh;Shibganj;24.6833333;88.1666641;17.0
993;Bangladesh;Pirganj;25.8666667;88.3666687;35.0
994;Bangladesh;Bajitpur;24.2166667;90.9499969;10.0
995;Bangladesh;Char Bhadrasan;23.3166667;90.2166672;4.0
996;Bangladesh;Gafargaon;24.4333333;90.5666656;13.0
997;Bangladesh;Fatikchari;22.6883333;91.7908325;9.0
998;Bangladesh;Badarganj;25.6666667;89.0500031;32.0
999;Bangladesh;Bandarban;22.1980556;92.2197189;10.0
1000;Bangladesh;Nabinagar;23.8916667;90.9733353;3.0
